0,7.88E+17,2016-10-17 20:09:59+00:00,congratulations ecuador now it is time to stop being complicit in assanges actions send him back to sweden to face his accuser like a man 
0,1.08E+18,2019-01-11 07:43:00+00:00,thread trump generalizing immigrants as criminals is scary my parents came here from nicaragua in 1979 escaping a war and they spent their whole lives pressing education and the american dream on me my parents and their standard allowed me to play college baseball and push
1,1.15E+18,2019-07-02 14:32:00+00:00,african invaders
0,7.13E+17,2016-03-23 23:54:17+00:00,1st gen immigrants african american students have fewer reciprocal relationships effect of hierarchical societiespentland
0,8.25E+17,2017-01-28 17:45:33+00:00,2 iraqi men held at jfk helped our fucking troops survive a war stop pretending you give a fuck about legal immigrants and veterans
1,1.00E+18,2018-05-30 00:05:43+00:00,white man furious that jack in the box employee wouldnt accept coupon for free burger threatens to send her back to mexico via theroot
1,9.11E+17,2017-09-22 17:15:31+00:00,jesus christ man theyre bringing drugs theyre bringing crime theyre rapists referring to mexican immigrants not the government
0,6.65E+17,2015-11-12 17:26:09+00:00,funny that no one realizes we are the immigrants and mexico owned this land and they are the natives as well as the indians
0,1.16E+18,2019-08-22 20:02:35+00:00,it is the norm in the western hemisphere and true in all of north america nations built by immigrants threw out that old world bullshit try to do at least a little reseach before you embarrass yourself again with that bs
0,1.28E+18,2020-07-07 17:06:52+00:00,"
hello name changers of arizona and americacesar chavez called his own people from mexico wetbacks he doesnt deserve to have anything named after him as well john 832"
0,1.10E+18,2019-03-02 14:56:02+00:00,"you let the meat talk first and then you add sauce as you desire it otherwise you might be covering up some mistakes in a sea of sauce
im not german but i like what those immigrants did wthe mustard seed lexington county sc is ground zero for the german influence on sc cuisine"
0,8.26E+17,2017-01-30 01:14:42+00:00,when organized crime was randant the gov didnt ban people from italy from coming here they just went after the bad guys
1,1.01E+18,2018-07-03 23:41:11+00:00,why arent immigrants seeking asylum going to the us embassy in mexico instead of the border they would be able to stay together and usa wouldnt have to spend great amounts of money to house and feed them
0,9.80E+17,2018-04-01 15:35:34+00:00,"1 yes they are immigrants
2 illegal law breakers means people breaking illegal laws
english isnt that hard but simple logic isnt either youve mastered neither i guess we have decades of gop attacks on public education to blame"
0,8.29E+17,2017-02-06 19:11:18+00:00,darin members of ur family yrs ago immigrated to usa from lebanon and u wont extend immigrants same courtesy given to ur family 
0,1.15E+18,2019-07-07 00:54:44+00:00,how on gods green do you know what it means to be african american one if you paid attention she was born in california that makes her an american just because her parents were immigrants that has nothing to do with how patriotic she is i bet you have immigrants in family
0,1.04E+18,2018-09-12 21:31:19+00:00,wondering where in east tn because my mexican restaurant is owned by mexican immigrants legal ones
0,1.27E+18,2020-06-02 15:28:25+00:00,"please do not block
s386 eliminates the discrimination why indian highskilled immigrant has to wait 50 100 years whereas immigrants from other has to wait less than 1 year how is it fairplease support"
0,1.55E+18,2022-07-28 08:38:34+00:00,caribbean immigrants in the united states 
0,1.11E+18,2019-03-17 04:34:18+00:00,"israel a per day ruth dayan founded in 1955 1st and decorative arts brand which created jobs for new female immigrants and preserved ethnic crafts of the various communities living in israel
womenshistorymonth socialimpact at "
0,8.91E+17,2017-07-28 23:37:31+00:00,yes and its universal many if not all who have struggled can relate african american community women immigrants all who have been
0,9.44E+17,2017-12-22 15:59:21+00:00,12 thank you for being a teacher paula i highly value your work it was actually my 7th grade spanish teacher who taught me about what mexican and central american immigrants face and what they risk to get here
0,1.02E+18,2018-07-10 13:11:59+00:00,"the entire conservative movement is based on fear it lives off feeling threatened
liberals will take your guns
liberals want open borders
immigrants are taking your jobs
minorities are why you didnt get into college
lgbt want to turn your children gay
obama is kenyan"
0,1.38E+18,2021-04-03 22:25:07+00:00,gop reps pull support of candidate following comments about chinese immigrants 
0,1.09E+18,2019-01-21 21:58:27+00:00, israel attacks syria twice in 24hrs yellow vests go global and dhs buses leave immigrants in arizona
0,3.88E+17,2013-10-09 00:03:03+00:00,pretty sure vietnam vets are not a racial group also illegal immigrants are not a racial group
0,8.55E+17,2017-04-21 00:02:45+00:00,no doubt with so many muslims and immigrants in france however im thinking a fraudulent election may prevail i hope and pray im wrong 
0,1.07E+18,2018-12-13 03:48:22+00:00,my grandmother is a damn g grandma pat is the daughter of irish immigrants a total original love you 
0,1.36E+18,2021-02-05 03:25:16+00:00,to clarify youre the daughter of immigrants insisting that a us government take over of native land to make way for a 210k gallon leaky canadian crude line is in the best interest of the american worker fyi wo native americans there would be no american worker nevernikki
0,1.05E+18,2018-10-16 05:04:56+00:00,the cherokee were a splinter off the iroquois not immigrants from south america now people are just making up histories to fit their narratives
0,1.10E+18,2019-03-09 21:38:17+00:00,large number of immigrants whats large to trump is two to 10 people iligitimate russian installed lying pathetic fraud traitor 
0,1.13E+18,2019-05-11 00:42:49+00:00,he also thinks climate change is a chinese hoax so hes deregulated almost all environment protections hes taken federally protected land to try and make money the particular site was a sacred place for the native americans in that region hes been as cruel to immigrants
1,7.71E+17,2016-09-01 04:24:20+00:00,doesnt know there are more illegal canadian immigrants than mexican where is the wall up north
1,8.53E+17,2017-04-16 01:26:57+00:00,what are you going to do send her back to italy 
1,8.62E+17,2017-05-09 19:26:28+00:00,haitian immigrants poisoned the wells thats why we had bubonic plague am i doing this right
1,9.04E+17,2017-09-01 23:47:04+00:00,mexico guatemala not they come here 4 a free ride its not by mistake that 91 of hispanic immigrants are on welfare they use us
0,1.58E+18,2022-10-15 03:52:37+00:00,43 years ago in 1979 my parents immigrated to the united states from hong kong and taiwan the first generation takes nothing for granted and as the son of immigrantsneither do i 
1,6.29E+17,2015-08-07 01:35:40+00:00,reminder cuban immigrants have pathways to direct us citizenship rubio is cuban and wants a fence
0,1.30E+18,2020-09-02 13:20:05+00:00,shes looking for responses esp from bipoc immigrants and language learners and those who grew up in poverty or other challenging situations doesnt matter if your job involves a lot of writing or not just that being able to write is important to you 24
0,1.15E+18,2019-07-01 11:59:47+00:00,but that is a new phenomenon my grandparents were from italy i am almost 67 immigrants use to demand their children speak the language they wanted to assimilate into being an american as quickly as possible
0,1.03E+18,2018-08-09 22:47:08+00:00,"
werent the native indians people of color that occupied this land before the immigration of many europeans what many native indians killed and had their land stolen by immigrants from europe america should be ashamed"
0,7.96E+17,2016-11-09 23:26:28+00:00,as the daughter of two mexican immigrants im very terrified of the safety of my family as well 
0,1.09E+18,2019-01-17 00:34:28+00:00,brexit uk capitalists want british people to blame their economic suffering from 2008 crash on european union and european immigrants real problem is capitalisms instability crashes and inequality brexits scapegoating of europe solves none of that 
0,7.00E+17,2016-02-18 17:30:56+00:00,second presentation is from the panepa delegation talking about the russian experience with immigrants
0,9.53E+17,2018-01-15 23:41:59+00:00,he married two european immigrants that isnt haitian nigerian or el salvadorean you people really think everyone is dumb enough to buy this argument lol
0,8.35E+17,2017-02-24 15:49:38+00:00,28 yo woman raped by 9 iraqi immigrants in vienna 
0,8.42E+17,2017-03-14 23:13:38+00:00,and now syria considers us invaders canada says were not safe 
0,1.36E+18,2021-02-03 14:51:26+00:00,its german in origin punxsutawney pa picked it up as a newspaper stunt in 1887 german immigrants were doing it february 2 is candlemas an important christian holiday in germany and some scandinavian countries
1,1.06E+18,2018-11-01 20:32:08+00:00,says the us welcomes and needs immigrants but that he doesnt see immigrants taking part in the caravan as seeking asylum since they refuse to stay in mexico despite the resources mexico has offered
0,7.27E+17,2016-05-02 03:34:49+00:00, these would be considered illegal immigrants and canada probably wont let them in
0,8.42E+17,2017-03-16 17:39:50+00:00,this how ludicrous and mexico is paying for it was most of the immigrants dont come from mexico they come further south
1,9.52E+17,2018-01-12 06:23:35+00:00,obviously you havent lived or traveled around the world my son lived in the worst country on the planet togo west africa he loved the people in that country but some countries have more criminals and different values trump doesnt want us blacks to lose jobs to immigrants
0,1.51E+18,2022-04-07 01:40:25+00:00,maybe washington will bus the 100 thousand ukraine immigrants the governors mansion in texas tothe texas tribune gov greg abbotts plan to bus migrants to washington dc will be voluntary via googlenews
0,1.01E+18,2018-06-14 23:48:22+00:00,bull release the children back to their parents than send them back to mexico if we have too i read the bible its says take care of the poor were getting just like the nazis
1,8.02E+17,2016-11-26 00:15:24+00:00,send them back to north africa and me one way
0,8.93E+17,2017-08-03 06:05:19+00:00,umm you campaigned on kicking mexicans out and keeping them out not favoring english speaking immigrants
0,1.53E+18,2022-05-21 22:56:22+00:00,yes they counselukr should cede territory to the fascist invaders whose stated aim is to eliminate ukrainian identity thats the same as giving up the utter arrogance of the nyt interfering in ukr affairs to the extent the defense minister had to clean it up its dastardly
0,1.01E+18,2018-06-26 21:34:06+00:00,theyre are 450500k illegal immigrants with expired visas currently living in the usa so if immigration is so important why arent you going after them oh yea i forgot their from canada n europe so spare me your two cents on 
0,1.43E+18,2021-08-19 21:57:50+00:00,"hey ms dumas
we here in az dont want somalia 20 replay of minneapolis these people like before have not been vetted we do not like illan omar
we have plenty of new illegal immigrants to deal with where do u live we will send all those single young afghan men to your area"
0,8.90E+17,2017-07-24 21:27:33+00:00,monarch victorialuudinh of republic vietnam nation chinese invaders illegal invaded banks in vietnam 
1,1.39E+18,2021-05-11 14:05:55+00:00,when gas lines today war in the middle east today isis back taliban bombed school children murdered our southern border crushed with illegal immigrants in the hundred thousands poor economy pipeline hacked biden sucks
1,1.07E+18,2018-12-09 06:26:38+00:00,france is in full blown revolution and european nations are watching its not just the tax hike their pissed at its a plate full of issues and one is illegal immigrants the french need to make a living wage and immigrants are causing wages to drop cheap labor
0,1.08E+18,2019-01-04 04:17:09+00:00,also the great wall of china failed to stop northern invaders 
0,7.33E+17,2016-05-17 12:27:20+00:00,next person who makes an asshole joke about how only immigrants speak spanish will get their balls crushed into tostones
1,5.23E+17,2014-10-16 18:33:43+00:00,american children dying and being paralyzed from the enterovirus virus came from illegal aliens from central america crossing our border
0,8.79E+17,2017-06-26 02:00:48+00:00,argentina has high population of european immigrants population i personally love the icecream at argentina
0,1.23E+18,2020-02-16 16:13:12+00:00,prob cause irish immigrants were below the rest of the white population in america
0,8.76E+17,2017-06-16 23:21:43+00:00,iranian immigrants are helping save my wifes life my friend explains why the hurts us all 
1,1.54E+18,2022-06-10 14:42:07+00:00,what are they doing to shepherd their flock illegal immigrants from asia europe the caribbean central and south america are flooding the usa and all i hear from the bishops is a variance of the spiritual and corporeal works of mercy yes feed the hungry
0,1.06E+18,2018-10-30 02:58:42+00:00,"
trump is going to call out the us military to protect us from unarmed civilian families requesting asylum a few thousand economic refugees from central america where is his border patrol where are our values arent we a nation of immigrants "
0,9.06E+17,2017-09-07 23:39:57+00:00,an exandle of use of euphemism to brainwash readers into acceptance of a fallacy a la nazi germany 
1,1.15E+18,2019-07-10 15:37:52+00:00,this women is full of shit and disrespectful to all germans invaders are destroying your culture and destroying europe 
0,1.20E+18,2019-11-15 18:00:58+00:00,i cant believe that the republicans are trying to pretend that its scandalous for ukraine to object to being invaded by russia 
0,1.28E+18,2020-07-05 11:24:32+00:00,russians not asians if you take most of the population they would be eastern europeans and ukraine is closer to middle east i would say immigrants like us surely benefit because most of us considered white but there no reason to blame or take all the whites in one scoop
0,7.85E+17,2016-10-09 10:29:47+00:00,1st 52 norwegian immigrants to us arrived 191 years ago today on the sloop restaurationen in nyc 
0,1.03E+18,2018-08-13 12:03:04+00:00,she was referring to immigrants who come to puerto rico not puerto ricans as a whole
1,1.11E+18,2019-03-13 16:10:28+00:00,right on great comment and very true so let me get this straight russia or any other government cant interfere in our elections but democrats would allow illegal immigrants from other countries to vote in our elections i guess russians could come here and vote for president
0,9.74E+17,2018-03-14 23:57:31+00:00,fun fact many of our western rep co immigrants came from gotland sweden in the courtlandscandia area 
0,1.43E+18,2021-09-03 17:22:09+00:00,its like the irish assimilated the technology of invaders and some customs but didnt change their lifestyle till the vikings established cities why are the irish the only culture not to build settlements as they transitioned from hunter gathers to farming
0,1.15E+18,2019-07-14 20:14:50+00:00,starving irish immigrants came here because they had inept leaders in their nation made them starve jewish immigrants came because they had evil leader who prosecuted them in their nations
0,2.69E+17,2012-11-16 01:17:22+00:00,and why does the word island even have an s in it this is why immigrants dont wanna learn the language lol
0,1.54E+18,2022-06-11 19:29:41+00:00,nope the us is supporting ukraine until the invaders are vanquished
0,1.12E+18,2019-04-29 21:39:16+00:00,most popular sport in norway is soccer among boys and girls and not as homogenous as it used to be plenty of refugees and immigrants now from middle east elsewhere norway just works hard to integrate them and sees sport as greatboportjnity to do so
0,8.25E+17,2017-01-28 16:54:02+00:00,trump is like his german father those are the evil immigrants
1,1.04E+18,2018-09-01 19:48:27+00:00,no they wont since the country being invaded will not be welcome by anyone just ask cuba and iraq how that went
1,1.00E+18,2018-05-28 13:44:15+00:00,"this will not stand for too long people are fed up with the abuse of politicians and immigrants who want to do what they want without any rules applied and disregarded british are getting fucked in the ass with no grease welfare free housing medical for refugees nonstop
"
1,1.26E+18,2020-05-21 19:54:06+00:00,like lots of central european immigrants in south brooklyn not a lot of sidewalk cafes
0,1.55E+18,2022-07-19 17:37:50+00:00,the country is 88 german and a lot of other immigrants living there are gonna be white european the second largest ethnic group is like 2 and theyre turkish i beg people to stop viewing the rest of the world through an american lense 
1,9.84E+17,2018-04-11 21:59:41+00:00,african refugees in israel mexican immigrants in america i guess israel is next to build a 
0,9.66E+17,2018-02-20 21:32:35+00:00,ok syrian forces enter a majority kurdish city of ifrin in nw syria to chants of in syria we are one putting the kurdish nationalist move on hold at least in that part of syria at least for now together they will fend off neoottoman invaders to the north
1,4.89E+17,2014-07-14 19:05:09+00:00,why dont we just spend a few dollars make mexico real nice then all these immigrants wont keep coming north cause they will have a home
1,1.08E+18,2019-01-13 00:36:45+00:00,can we deport them to mexico 
1,6.74E+17,2015-12-07 23:31:54+00:00,someone should propose a retroactive ban on all with german ancestry andmass deport all whose relatives were immigrants that wld be trump
0,1.09E+18,2019-01-20 03:50:09+00:00,so the racist teenage descendant of possibly illegal immigrants shouted build that wall to a vietnam vet whose ancestors had been on this continent millenia before his 
0,7.96E+17,2016-11-08 04:59:58+00:00,fellow americans african and hispanic gop respects you and needs you we are party of equality and legal immigrants vote 4 real hope and change
0,6.41E+17,2015-09-07 00:14:50+00:00, most immigrants speak better english or american than you ever will you cretin
1,4.46E+17,2014-03-17 14:57:53+00:00,all you immigrants can learn the language or go back to mexico but we will celebrate your holidays americans
1,1.17E+18,2019-09-04 14:43:29+00:00,mexico is paying in little ways like the troops theyre using to help keep illegals from coming here the fact that their poor are no longer sent here so that mexico is no longer liable for them btw where was your concern for the military when obama diminished it
0,6.94E+17,2016-02-01 19:41:10+00:00,that picture is from world war 2 and those are european immigrants flying to north africa
0,9.56E+17,2018-01-25 01:01:28+00:00,future of europe as a military state army in swedish ghettos how europe tries to adapt to migration instead of solving it rt world news 
0,9.53E+17,2018-01-15 18:46:43+00:00,does that mean that you and dan will be attending a dreamers event in israel for ethiopian immigrants who have confirmed fear of persecution and who is furiously ejecting wo any objection from those demagoguing dreamer issue in usa
0,1.31E+18,2020-10-02 01:41:56+00:00,no im swedish irish and english white as they come proud as fuck about my heritage im not shouting white superiority and calling myself a rastafarian you are i have no illusions of superiority based on my whiteness my folks were immigrants immigrants
1,1.54E+18,2022-06-10 02:53:24+00:00,too bad you should have listened to his words in 2015 when he was disparaging mexican immigrants you all are complicit in that terror
0,7.57E+17,2016-07-24 05:19:16+00:00,he speaks for immigrants 4sure he spoke spanish in his exceptent speech for the usa
1,4.83E+17,2014-06-28 01:47:26+00:00,mexican cartels are threatening our border agents illegal immigrants spread diseases into our towns and dems r doing nothing
0,6.74E+17,2015-12-07 06:40:06+00:00,sinatra100 a celebration of a musical and cultural icon and the son of italian 
1,1.07E+18,2018-11-27 13:58:57+00:00,if you cannot see the parallels in your categorization of all immigrants as invaders and criminals who are purely seeking handouts with refugees from germany rwanda syria bosnia etc you are repeating history and not learning from it
0,1.20E+18,2019-11-24 19:38:05+00:00,im 56 chronically ill disabled there are probably some jobs i can work i have strong scottish ancestry though and irish and english no welsh oddly i am not high on scotlands list of acceptable immigrants
0,1.08E+18,2018-12-29 09:07:10+00:00,parents of iowa student whose death stirred antiimmigrant hate take in child of mexican immigrants 
0,1.06E+18,2018-10-29 22:07:41+00:00,bordertroops trump is talking sending 5000 troops to the border in order intimidate immigrants walking from central america now is mexico going to view that action as aggressive since when does us arm our southern border against non violent people
0,1.08E+18,2018-12-29 08:29:55+00:00,parents of iowa student whose death stirred antiimmigrant hate take in child of mexican immigrants 
0,1.22E+18,2020-02-04 01:37:44+00:00,all the haters asking why is it in spanish i dont understand how do you feel knowing immigrants can still learn the language and be bilingual but you cant even speak your own language properly 
0,1.01E+18,2018-06-21 04:52:00+00:00,from the english laungage and internet the law you must remember that just bc a office full of immigrants says it does not make it law the law you are referring to was implemented 20 twent years ago
1,7.31E+17,2016-05-12 07:51:04+00:00,i guess theyre trying to find a place for syria refugees err terrorists and the 19k illegal immigrants bo freed 
0,1.53E+18,2022-05-27 19:08:43+00:00,sir we as republicans or i should say me do not in no way think immigrants are dirty just like all of us we our from immigrants my family came from ireland in 1848 so no i do not think their anything other than those desiring a better life for themselves and their family
0,1.37E+18,2021-03-10 17:41:37+00:00,i dont see immigrants rushing into those countries as beacons of hope of attaining the swedish dream 
0,1.08E+18,2019-01-12 15:46:50+00:00,we were talking about the kids of immigrants not the immigrating folks themselves so i was born to jamaican parents and i was raised here i dont have a jamaican accent or pictures of michael manley on my wall my lived experience is an american one
1,1.02E+18,2018-07-17 11:18:40+00:00,good afternoon mr trump ice should be enforced more as i am living with a household of african immigrants i see the discomfort they can cause newark new jersey
1,1.09E+18,2019-01-23 02:08:35+00:00,amerigo vespucci discovered america in 1502 vikings came as early as 900 ad and natives were already here the columbus lie came from italian immigrants starting the myth to lower anti immigrant sentiment at the time but history am i right
0,1.13E+18,2019-05-05 11:49:57+00:00,i appreciate canada accepting some of the earlier undocumented immigrants providing a refuge from a difficult existence i believe they were called slaves
0,1.15E+18,2019-07-15 01:33:50+00:00,"
dude came from haiti at 11 his brother came here at 19 and immediately enlisted in the army hes been there since 96 immigrants arent our enemies"
0,9.70E+17,2018-03-05 02:23:59+00:00,two immigrants from kenya and pakistan at 
0,1.06E+18,2018-11-02 19:16:04+00:00,every country was founded by immigrants do you know who the moors were england is a country founded by french and norse invaders do you know who the celts and picts are
0,1.48E+18,2021-12-28 11:03:53+00:00,"end the first nations holocaust war in canada end the holocaust war with our indigenous brothers and sisters of mexico and south america
all those immigrants from mexico those are all indigenous families and kids hello they are locking indigenous kids in cages "
0,8.82E+17,2017-07-03 01:39:48+00:00,monarch victorialuudinh 02142017 communist srv chxhcnvn chinese invaders tortured vietnamese frnguyendinhthuc in songngoc vn
0,2.24E+17,2012-07-14 13:17:14+00:00,lol rt ifitwereuptome we be allowed to legally have illegal immigrants mexican cont 
0,1.21E+18,2019-12-22 22:17:46+00:00,its ridiculous how much crap people give immigrants for not learning english or speaking it well considering how unreasonably difficult it is
0,1.52E+18,2022-05-09 03:59:45+00:00,read accidental superpower for a summary of why we need more immigrants and why china india russia and japan are all about in serous trouble
0,1.21E+18,2019-12-18 19:53:59+00:00,now i was always told by my dad that some african immigrants didnt really like us like that so thats not a shocker but west indiesman some of my coolest potnas growing up was haitian jamaican trinidadian guyanesethem niggas aint tell me bout this
0,9.55E+17,2018-01-22 05:06:50+00:00,sorry completely wrong they grew up here speak the language are students soldiers teachers productive members in our society they only thing you can throw at them is a lable immigrants
1,7.67E+17,2016-08-21 14:02:39+00:00,after watching olympics for 2 weeksi want to hunt down and deport the british immigrants in the us illegally who do i need to vote for
0,7.10E+17,2016-03-16 00:42:02+00:00,i keep hearing if trump wind all the mexican immigrants get sent back that means i wont have famila anymore fuck
0,1.08E+18,2018-12-31 19:49:03+00:00,we see through you and your incessant lies which is why you will get your stupid wall the great wall of china failed to keep out foreign invaders do something youve never done before
1,7.19E+17,2016-04-09 21:33:40+00:00,he never mentions race mexico is not a race beeotch mexicans are not a race they are invaders get it
1,8.50E+17,2017-04-07 15:32:28+00:00,need to bomb north korea too and get all these illegal immigrants out of our country do the job trump you the man 
0,1.16E+18,2019-08-07 13:48:28+00:00,however to cut the story short john was among the six african immigrants whose dead bodies were found lying on the sahara desert by the egyptian immigration officers weeks after he left nigeria they were only identified by their green passports in their pockets
1,1.08E+18,2018-12-30 07:03:17+00:00,this is fucking bullshit smiley girl is right these invaders come and destroy your culture and destroying europe they are trouble makers and bad people trying to take over your country and culture looking for free stuff and raping girls not good 
1,7.47E+17,2016-06-25 02:13:56+00:00,the us should immediately stop taking in english immigrants
1,7.71E+17,2016-09-01 02:19:06+00:00,excited about new term criminal illegal mexican immigrants she says its a mouth full 
0,1.44E+18,2021-09-17 18:32:43+00:00,"lives are at stake you are hurting indian immigrants you need to stop hurting legal immigrants
submit provisions 6000234 to senate parliamentarian in good faith
durbinbansindians
judiciarydems"
1,1.01E+18,2018-06-25 21:29:19+00:00,thefive the chinese built the great wall to keep invaders out so did israel if they were using guns at the border we would send an army to protect the us theyre using the children at the tip of the sphere to invade us
0,1.50E+18,2022-02-27 20:08:26+00:00,happy dominican independence day part of bostons richness is the ability of so many communities to retain their ties to and affection for their ancestry or the lands they were born were a city of immigrants and those who welcome immigrants actionnotjustwords 
1,6.11E+17,2015-06-17 02:27:56+00:00," put her in a and send her back to 1859 georgia
shell play the quickfast"
0,7.91E+17,2016-10-27 03:41:49+00:00,and this aired in san antonio where 90 of our population have family immigrants from mexico
0,8.46E+17,2017-03-26 04:55:06+00:00,and they tell us immigrants to speak the language i wish these they do citizenship test
1,1.01E+18,2018-07-04 22:13:40+00:00,dont waste any more time on joyce its a russian troll or american traitor no real american believes the crap it just wrote in its tweetexcept nazis like and that was their theme yesterday immigrants ruining our culture usa is immigrants
1,8.97E+17,2017-08-15 11:22:15+00:00,ladies and gentlement what can you expect from one racist to another they need to take ass and arpaio and deport them to mexico
0,1.18E+18,2019-09-25 00:22:44+00:00,if honduras rejects the third safe country deal donald trump has threatened the nation with a 1020 percent tax on remittances sent from honduran immigrants in america to their families back home 
0,1.06E+18,2018-11-05 21:42:15+00:00,these are some pretty simple and trusting people here in sw mo changes in culture have happened suddenly here we have quite a few immigrants here from somalia laos mexico hodura india most of my neighbors are 4th and 5th generation locals slow positive cultural adjustment
0,8.32E+17,2017-02-16 19:06:37+00:00,irish italians jews and asians all came here as immigrants whats the problem with mexicans and central americans
0,1.18E+18,2019-09-25 16:00:28+00:00,judge refers to trumps most controversial remarks on immigration including his claims that immigrants from haiti all have aids and that if nigerians are admitted into america they would never go back to their huts 
0,1.57E+18,2022-09-22 17:12:57+00:00,kari lake never called all mexican immigrants rapists and murderers her husband is latino ffs
0,1.06E+18,2018-10-27 17:29:37+00:00,its a great and verybold jewish organization it was formed in the late 19th century to help resettle the jews coming over from eastern europe like my family today hias helps immigrants from everywhere 
0,1.02E+18,2018-07-14 21:05:48+00:00,or lebanese ipa beer or french wine is such a contradiction since he loves immigrants as long as they are not of color given his choice of mistresses acquaintances and eastern european immigrant employees for his us club properties god help us
0,7.24E+17,2016-04-23 20:41:29+00:00,as more latino kids speak only english parents worry about chatting with grandma 
0,9.58E+17,2018-01-29 03:41:03+00:00,this country constitution is nothing because this land god gave to the not immigrants from europe who killed my ancestors
0,5.34E+17,2014-11-16 13:08:13+00:00,breaking news ny mayor signs bills limiting deportation of caribbean immigrants
1,1.47E+18,2021-12-22 14:26:51+00:00,in georgia we building the number one largest illegal immigrants jail in the country over 1100 beds for they ass to and if immigrants blacks trying join and help them know how anti black asf they is be in their to yeap i just said that 
1,1.25E+18,2020-04-21 04:03:34+00:00,oh really they caught 1155 illegal chinese immigrants trying to sneak in our southern border youre truly uninformed and intellectually defunct
0,7.23E+17,2016-04-20 01:55:57+00:00,the impact of retired german immigrants in north dakota ie my nd family
0,1.01E+18,2018-06-23 17:48:38+00:00,trump and his like minded racist regime are murderers of american citizens in puerto rico and will continue to murder american citizens immigrants and more people of color they can be it through etc etc 
0,1.06E+18,2018-11-08 02:04:55+00:00,if youre homeless and not disabled i dont pity you if immigrants can come into this country without knowing a word of english and make something of themselves then there should be no excuse for you
0,1.16E+18,2019-08-15 17:31:41+00:00,"viva mexico cubano
dominicano all the plugs that i know
driving benzes with no benefits
not bad huh for some immigrants
build your fences we diggin tunnels
cant you see we gettin money up under youjay "
0,2.59E+17,2012-10-18 13:14:47+00:00,there are no legal immigrants in greece not one give me a break
0,8.66E+17,2017-05-22 01:46:08+00:00,more undocumented immigrants in us are giving up hope and trying for canada via aflores
0,1.16E+18,2019-07-31 17:22:45+00:00,european immigrants landed at legal entry points exactly how far back are you charting european immigrants to these native lands of united states 
0,1.02E+18,2018-07-19 18:35:20+00:00,an immigrants struggle ana is an undocumented honduran mother of three whose husband is in detention and she is trying to hold her family together in the trump era 
0,9.97E+17,2018-05-18 11:01:21+00:00,yeah cause its not like youve used that type of language to describe mexican immigrants before 
0,1.06E+18,2018-10-30 11:49:32+00:00,i have said since president trump was a candidate the power of the podium is very strong first immigrants than african americans eventually attacking jewish people the bottom will eventually fall out this was my prediction during the candaigns two years ago
0,6.10E+17,2015-06-15 00:18:24+00:00,obama wh illegals from central america not dangerous except for the terrorists who are sneaking in wthem
0,1.59E+18,2022-11-02 11:21:08+00:00,if congress kills social security and medicare we will then become the illegal immigrants and mexico will build that wall even higher
0,1.02E+18,2018-07-16 21:02:44+00:00,"you worried about immigrants when you really should be worried about russians
donald trump is a sleeper cell for the russian government "
1,1.02E+18,2018-07-27 22:10:24+00:00,problem in mexico are the mafias governors police military all receive a share of the 10000 usd they immigrants pay to cross as its in morocco tunisia libia or egypt
1,8.32E+17,2017-02-15 04:04:07+00:00,go back to russia you commie stinking bitch send him back to russia send him back to russia send him back to russia
0,8.79E+17,2017-06-24 20:36:02+00:00,well im and american italian son of immigrants i bleed red white and blue new yorker republican so you tell me
1,8.45E+17,2017-03-25 02:29:24+00:00,if they can use it wpublic toiletpaper dispensers in china then we can use it to track immigrants chinas great right 
0,1.13E+18,2019-05-18 14:18:24+00:00,"lives that conservatives care less about than unborn fetuses
native americans
unarmed black people
actually black people period
children in fostercare
women
poor people
refugees
mexican illegal immigrants apparently an unborn life is worth more than all of these"
1,1.05E+18,2018-10-19 00:41:13+00:00,these illegal immigrants could go to mexico if they were hurting but these people are being paid to only go to the usa by the democrat communist party and by soros president trump stop them president trump stop them send them home send them home
0,9.52E+17,2018-01-11 22:34:31+00:00,the prez wants immigrants from norway read white and doesnt want immigrants from el salvador read brown this is racist 
0,1.57E+18,2022-09-23 21:18:04+00:00,so youre going to require the people from cuba to have visas to come to the united states but youre ok with over 200000 illegal immigrants coming in from the wide open southern border every month 
0,1.44E+18,2021-10-02 14:58:58+00:00,oh yeah did a good warmup set proud to be with event in repping pacific island myself 
0,1.14E+18,2019-06-25 18:18:24+00:00,so it was ok for european immigrants to come but not brown ones ok you told on yourself
0,1.59E+18,2022-11-17 14:18:25+00:00,also i have lived near the us mexico border for almost my entire life and resent the wall and the vicious language used by republicans about immigrants i frequently visit mexico and find demonization harmful to everything from families visiting to trade we can do better
0,1.03E+18,2018-08-09 16:18:42+00:00,ken was this the feeling about the germans the irish the italians the polish why are immigrants of color being singled out save chicago for another time this is racist rhetoric
0,6.32E+17,2015-08-12 21:45:46+00:00,immigrants and china are not taking our jobs wall street is just maximizing profit by finding the cheapest labor sources
0,9.97E+17,2018-05-17 10:19:02+00:00,thursday may 17 the washington post todays headlines critics fear trumps desire for a legacymaking deal eclipses substance on n korea trump refers to some undocumented immigrants as animals at roundtable via 
0,1.43E+18,2021-08-16 22:55:46+00:00,speaking of hypocrisy many of the same people lamenting the plight of the afghan people today have been bashing immigrants and refugees while there are 28 million displaced afghans each year consistency with policy and talking points has never been a republican strong suit 
1,8.17E+17,2017-01-05 18:36:36+00:00,vietnammonarchvictorialuudinh million chinese invaders illegal occupying luxury living buildings in vietnam 
1,1.01E+18,2018-07-05 06:44:40+00:00,and shes out here now screaming in the streets how she wants to bring in more illegals from mexico thatll certainly fix things up
0,8.49E+17,2017-04-04 01:46:09+00:00,monarch victorialuudinh of republic vn demand china prc chinese invaders leave ainamquan north vietnam of republic vietnam nation
0,1.21E+18,2019-12-25 11:59:14+00:00,whether it helps or not its easy to understand why immigrants are inclined to try to help their kids integrate my dad was born in the us but his name was luciano and he only spoke spanish until he started school which were very hard for him so he went hyperamerican with scott
0,1.01E+18,2018-06-19 12:50:38+00:00,these culturally functional former good guy immigrants may rightly turn into deadly us enemiesharm to the receiving nations if recruited into criminal lifestyleeducated english spkwill be more ideal candidates for tco higher power positionsmore likely to be successful at
0,1.13E+18,2019-05-06 01:57:31+00:00,all the embassies in dc are wonderfulbut the philippine embassy is the best grateful thats its asian pacific american heritage month proud of being a daughter of immigrants from the philippines and a woman of color 
0,8.37E+17,2017-02-28 21:35:16+00:00,will loser in chief talk about the hate crime against indian immigrants trumpspeech
1,7.22E+17,2016-04-18 21:42:53+00:00,not disappointed in the liberation of 4 syrian townsvillages from iranian backed invaders
1,1.25E+18,2020-04-21 20:18:11+00:00,its sad when you see a white person who is discussed by immigrants from mexico and not from ireland or europe and those groups are more mob ties from europe and havent worked in the agriculture fields to feed usa
0,7.17E+17,2016-04-04 17:49:27+00:00,europeans r surrendering to tsame invaders who raped pillaged and conquered them 1000 yearsago and were forced 2fight off european soil
0,1.07E+18,2018-12-06 02:47:00+00:00,geraldo forgets that most of the irish german italian immigrants came to the us before welfare reforms they had to find work or starve my grandfather needed a sponsor and skill to come to the us in 1910 geraldo forgets they all came legally and vetted
1,8.10E+17,2016-12-15 23:10:10+00:00,deport them all now or say bye bye to your country forever thats not a joke either australia take ur country back immediately 
1,4.09E+17,2013-12-07 09:07:25+00:00,university of chinese immigrants goodbye friends i am deaaaaaaaaaad
0,1.42E+18,2021-08-01 17:49:33+00:00,oh girl yes there are droves of african and caribbean immigrants in europe a lot of biracial people from when bm where in wwii and had kids with white women
0,1.58E+18,2022-10-01 16:58:24+00:00,doral almost 90 venezuelans is the most expensive city in the south eastern usa pay the highest property taxes in miami dade county all built by venezuelan immigrants never picked crops come visit
0,7.19E+17,2016-04-10 20:29:33+00:00,germany accepted over 1 million immigrants germany and rest of europe will soon see a rein of terror unseen in human history
1,9.53E+17,2018-01-16 06:56:39+00:00,if all americans of all creeds dont wakeup to this daca and deport them then my follow americans fine out later what you reap you sowfor your wages and benefits will never be high you just brought all the shitholes from mexico shalom
0,8.34E+17,2017-02-21 23:53:31+00:00,obama deported millions of latino immigrants as a mexican immigrant none of my family saw him as an ally or chandion fuck you
0,1.29E+18,2020-08-11 20:45:22+00:00,folks a black women who is half jamaican whose parents are immigrants is going to be our next vice president ive never felt more seen in my life
0,1.40E+18,2021-06-01 19:03:55+00:00,another firstgen daughter of mexican immigrants grad proud to be esto es para ti mamá y papá sus sacrificios valieron la pena next stops grad school and a new role as a research associate 
0,1.45E+18,2021-10-21 16:07:05+00:00,"why why workers pursue their careersengineers doctors architects scientists our focus gc backlog end the backlog stop the abuse break the shackles
dont punish indian immigrants by excluding 6000234
durbinisracist
judiciarydems"
0,5.36E+17,2014-11-20 22:27:07+00:00,"native girls are being mass raped in sweden by who declared no white zones sweden needs a revolution too
god speed"
0,1.51E+18,2022-04-11 23:19:38+00:00,no except for russians in their embassies in the us just because someone is russian and lives here doesnt make them complicit in putins dealings in russia per se they may have come here to get away from it all or were born here by russian immigrants
0,8.83E+17,2017-07-05 10:44:07+00:00,immigrants who embraced the american dream work hard learned english fought to be free from tyranny and were proud to be americans 
1,9.98E+17,2018-05-20 03:10:40+00:00,when will germany realize tourist dont want to come to your country on vacationsholidays anymore these immigrants are hurting your tourism 
0,9.53E+17,2018-01-14 22:57:27+00:00,not saying she doesnt know her uncle if king knew about trumps birther movement against obama insulting john lewis a friend of dr king his treatment towards the central park 5 his comment on haitian and african immigrants i doubt dr king would want to be compared to trump
0,1.09E+18,2019-02-07 01:33:06+00:00,lowest number of illegal immigrants crossing mexican border in 50 years 
1,9.05E+17,2017-09-04 07:23:09+00:00,they should go make mexico great with the education americans payed 4 and their parents should be gone already we want legal immigrants
1,1.11E+18,2019-03-15 21:04:12+00:00,start with trump send him back to germany or lying ted cruz from canada or you
1,1.27E+18,2020-05-28 07:18:12+00:00,"go back to mexico theyre stealing our jobs
do it the legal way deport them theyre breaking the law
speak the language this is america the irony "
0,1.35E+18,2021-01-11 19:07:31+00:00,oh shit here we go what about european immigrants or is it cause there all white this is just the start of a slippery slope we wont ever com back from categorizing people and putting them into groups will make it easier to discriminate and create more conflict lol 
0,6.50E+17,2015-10-03 14:42:21+00:00,were being invaded maysville georgia 
0,1.12E+18,2019-05-04 22:20:11+00:00,i dont think mexican citizens celebrate sept 16 at allmost are too busy trying to survive and eatmay 5 is celebrated by immigrants to us because they like corona and tequila and have money to party 
0,1.15E+18,2019-07-01 01:08:13+00:00,a meeting to discuss how to help central america would help both countries the us and mexico use diplomacy aid set up a process in central america for refugees to apply for asylum there like obama did trumps hateful policy is causing all kinds of abuse towards immigrants 
0,1.15E+18,2019-06-30 04:15:30+00:00,fun fact german immigration in the late1800s is one main reasons milwaukee elected three socialist mayors in the early 20th century and they and other immigrants who are still coming made milwaukee a great place
0,1.14E+18,2019-06-06 15:03:30+00:00,i will be there speaking about my immigrant family what we share with current ssylum seekers and why we were able to succeed in america friendly policies towards cuban immigrants landing on us soil have everything to do with it
1,1.17E+18,2019-09-03 16:51:12+00:00,what are these people going to do in europe who going to pay for them these invaders are nothing but trouble makers and nerferiou bad people looking for something for nothing european countries are going to learn a hard lesson about muslims and immigrants 
1,8.54E+17,2017-04-17 18:02:05+00:00,we are behind you all the waywhat about a canadian northern boarderlots and lots of immigrants wanting to get in us
0,8.39E+17,2017-03-07 04:40:31+00:00,taking shelter in laundry room from tornado its two immigrants from the bahamas my boyfriend and i and a guy reading donald trumps book
0,1.42E+18,2021-07-31 06:58:54+00:00,nigeria really let nico mannion send them back to murtala muhammed legit crying
1,1.05E+18,2018-10-23 19:38:20+00:00,mexico offered them asylum and they refused them we have millions illegals immigrants here if we let all these people in more and more will come when is this illegal immigration going to stop people have to come here legally
0,8.39E+17,2017-03-08 11:27:28+00:00,the mass deportation of african immigrants that isnt getting media attention by 
0,1.53E+18,2022-05-22 18:37:01+00:00,the club was formed to help the irish catholic immigrants in the city at the time thats one of the main reasons for why theyre known throughout the world they have a rivalry with rangers the protestant club also from glasgow massive game u should watch that at some point
1,1.05E+18,2018-10-20 19:40:58+00:00,these outbreaks are caused by the massive amount of immigrants from the middle east that have invaded european cities
0,1.13E+18,2019-05-21 00:24:02+00:00,overlooking the fact that current immigrants are central americans not from mexico
0,8.59E+17,2017-05-01 12:02:31+00:00,"go i stand with poland
resist tyranny and reject invaders
god bless poland "
1,1.05E+18,2018-10-21 14:24:50+00:00,make invading our country punishable by death maybe that will stop this or life on a deserted island in the pacific 
0,7.28E+17,2016-05-03 22:44:14+00:00,fact finding trip fact tumbleweeds came from russian immigrants so really they shouldnt be in old western films
0,5.89E+17,2015-04-16 15:32:43+00:00,the board of edu used posters like this to encourage immigrants to learn the language national 
0,8.02E+17,2016-11-25 16:24:03+00:00,america is made up of immigrants from everywhere not just mexico
1,1.04E+18,2018-09-10 07:08:54+00:00,lock obama up send him back to kenya he does not belong in america 
0,1.15E+18,2019-07-16 20:57:52+00:00,white european immigrants like the first lady melania trump are welcomed darkskinned migrants from latin america are put into cages and cands 
1,2.58E+17,2012-10-17 02:40:44+00:00,spanish people are the only immigrants omg fucking ignorant
1,1.05E+18,2018-10-07 04:20:27+00:00,connor lets kill this russian send him back to the buss
1,8.24E+17,2017-01-24 02:32:42+00:00,jeffrey lord dry cleaners dont like nafta because mexican immigrants dont use tandons 
1,1.09E+18,2019-01-25 23:38:59+00:00,free everything for all immigrants release all the prisoners give them the vote lets arrest all the hard working people in america take their possessions and give it all away did i mention surrender to russia china or even france oh forgot isis and the taliban
1,9.64E+17,2018-02-15 00:39:02+00:00,european invaders 
0,8.87E+17,2017-07-17 02:55:58+00:00,monarch victorialuudinh declaration 02142017 communist srv chxhcnvn chinese invaders tortured vietnamese frnguyendinhthuc vn
1,1.16E+18,2019-07-30 14:03:04+00:00,why is ice gonna start rounding up some of these 500000 illegal european immigrants
1,8.28E+17,2017-02-06 04:10:40+00:00,france is getting on the my country first bandwagon theyll follow brexit crackdown on illegal immigrants and elect marine le pen 
1,1.14E+18,2019-06-19 00:24:07+00:00,when 50 percent of americans think your canmpaign coordinated with russia 50 percent want you impeached and 49 percent want biden vs 39 percent for you according to fox news polls 6162019 its hard to decide between provoking war with iran or deporting millions of immigrants
0,8.59E+17,2017-05-01 22:58:18+00:00,as workers and immigrants rise up across the country on we also stand in solidarity with the people of puerto rico
0,5.80E+17,2015-03-23 15:55:25+00:00,they should be thanking aas for the rights they enjoy today rt when do caribbean immigrants become black 
0,8.36E+17,2017-02-25 20:34:10+00:00,monarch victorialuudinh of rvn china invasion chinese invaders illegal invaded ainamquan north vietnam of republicvietnam 
0,1.04E+18,2018-09-25 14:54:47+00:00,zionist invaders stole homes business lands and livestock from palestinian christians muslims and armeniansbahai all non european jews were forced into submission or exile
0,1.03E+18,2018-08-15 19:43:51+00:00,not to worry john brennan is son if irish immigrants from roscommon nothing phases himhe will continue to speak the truth 
0,8.47E+17,2017-03-28 21:14:30+00:00,monarch victorialuudinh of republicvietnam nation chinese invaders illegal invaded marketssupermarkets in vietnam nation
0,1.16E+18,2019-08-09 23:56:34+00:00,yes i agree although as childbirth drops even among immigrants the orthodox jewish experience in new york and israel is worth noting once minorities but swiftly becoming the majority by birth rate and in us loss of ethnic identity among children and grandkids of secular
0,1.26E+18,2020-05-12 00:24:46+00:00,1882 chinese exclusion act for 1st time in us history a group was not allowed into this country on the basis of race chinese people were the first illegal undocumented immigrants chinese either have to leave or find a way to circumvent a law
0,1.24E+18,2020-03-07 23:14:25+00:00,and it was improvements to the design by another immigrant leon moisseiff from latvia a great collaboration between european immigrants made the golden gate bridge a landmark of moisseiff is also known for the bridge 
0,1.16E+18,2019-08-05 08:08:44+00:00,trump says hate has no place in our country and at the same time hes the reason for the hate and deaths he hates immigrants he hates african americans he hates mexicans he spews hates and his supporters eat it up
1,8.26E+17,2017-01-30 23:37:59+00:00,canada feels that all immigrants should be admitted to canada hows that working for you so far
1,1.13E+18,2019-05-23 20:10:12+00:00,someone needs to fix that i think it would be a good relation for mexico to accept all the illegal immigrants that pass our way and as a fine for the number that cross we should also send them illegal chinese and philippian immigrants and mexico can bus or ship them back too
0,1.21E+18,2019-12-24 19:49:56+00:00,this can be laid at the feet ot and people like him that spread hate and bigotry saying theyre bringing drugs theyre bringing crime theyre rapists and some i assume are good people about mexican immigrants is racist at best and encourages racism
0,9.63E+17,2018-02-12 14:36:37+00:00,"absoeffnlutely
crowing about legal immigration from europe prior to 1924 is essentially meaningless as there were almost no laws in place for immigrants to break "
0,1.12E+18,2019-04-28 20:42:14+00:00,you would know all about that with your business sketchy practices wouldnt youjust how much money did you cheat the irs out of immigrants african americans asians jewish native american west africans germansjewish muslims latin dissent pay their taxes not on foodstands 
1,1.04E+18,2018-09-11 07:50:19+00:00,"traitors gonna do what a must to stay alive stop lenient sentences just deport them to russia
torussiawithlove
and too "
0,1.17E+18,2019-09-08 04:35:18+00:00,african and indian immigrants are the most educated in the us but that doesnt reflect the literacy of the individual countries themselves
0,1.01E+18,2018-06-18 17:28:21+00:00,lifestyle god creation in their lovely home territory call southern cameroons now federal republic of ambazonian yet these peace loving people have unconscious unwelcome invaders la republique du cameroun or republic of cameroon in their the lifestyle of the people crushed 
0,1.33E+18,2020-11-07 16:36:47+00:00,and a daughter of jamaican immigrants so proud 
1,8.24E+17,2017-01-25 00:52:40+00:00,president trump will ban immigrants from syria and six other dangerous muslim countries by signing an executive order tomorrow
1,1.26E+18,2020-05-24 21:28:28+00:00,so the portuguese men who were immigrants is the bigger story than the crime they committed to cheryl at big dans tavern
0,7.44E+17,2016-06-19 04:54:38+00:00,billionaires got your cash and the chinese got your jobs dummy the immigrants just got here where u been
0,4.41E+17,2014-03-04 14:10:49+00:00,in israel immigrants are humans prez
0,8.71E+17,2017-06-02 06:24:02+00:00,"immigrants founded 51 of us billion dollar startups india 14
canada 8
uk 8 israel 7
germany 4
france 2
ireland 2 "
0,1.07E+18,2018-11-26 01:51:52+00:00,are you kidding me this is the most ignorant an asinine comment i have ever read on twitter entire native civilizations were destroyed by invading european immigrants it was long enough ago that you do not need to apologize for it but dont pretend it did not happen
1,1.26E+18,2020-05-10 22:03:18+00:00,the solution to this problem is for all the israeli invaders to go back to europe or wherever the hell they came from you are not from here nor are you welcome
1,6.41E+17,2015-09-07 13:31:47+00:00,do you know what they do to illegal immigrants in mexico they jail them and then deport them
0,1.18E+18,2019-10-17 20:09:37+00:00,company volunteer day so i chose to work with to write letters of support to immigrants detained in georgia 
1,8.68E+17,2017-05-25 15:09:42+00:00,germany can support millions of muslim invaders but refuses to pay its nato bill usa needs to stop paying the entire bill for nato
1,1.49E+18,2022-02-17 17:13:34+00:00,it matters to did the say immigrants from mexico made the country dirtier
0,7.96E+17,2016-11-08 14:23:28+00:00,3 generations of jamaican immigrants we voted for the american 
1,1.18E+18,2019-09-24 17:39:29+00:00,french people better wise up before its too lateyour government invited these bastards to your country now you figure it out always talking shit about not being prididish country now live with these invaders and nerferiou bad people 
0,9.28E+17,2017-11-09 01:47:17+00:00,"what was the final vote count difference between northam and gillespie right nowin every state democrats are revising their platform
russia collusion
illegal immigrants
no voter id
mass voter registration in urban areas
scream racism
give felons right to vote "
1,9.14E+17,2017-10-01 00:13:22+00:00,good work send them back to the southern border of mexico chances are we wont see them again
0,9.80E+17,2018-03-30 09:50:33+00:00,president trump please stop the deportation of immigrants who came here to make money for there families i know spanish and i talk to them and they have not done nothing wrong but show up to work on time i know the construction field its not easy 
0,6.77E+17,2015-12-16 01:58:18+00:00,bro you cant both be a son of cuban immigrants and mr haney from greenacresdecide
0,8.34E+17,2017-02-21 06:32:36+00:00,birdshotandbullshit texas hunters indicted after shooting each other then blaming mexican immigrants 
0,1.41E+18,2021-06-30 00:12:11+00:00,only white people want him to be a nger nger means an african stripped of culture in america for white supremacist purpose a generally announced death warrant a label upon immigrants and sellouts aim to assimilate to white authoritys amoral concerns 
0,6.87E+17,2016-01-11 17:57:45+00:00,trumps mother was scottish father german wife slovanian all immigrants yet he questions others citizenship hypocrite
0,1.51E+18,2022-04-11 22:19:20+00:00,"live
talking news politics entertainment
tonight ukrainian refugees with mayor mario m kranjac englewood cliffs nj son of immigrants new jersey native the arthur aidala powerhour radioarthur abklaw "
0,1.10E+18,2019-02-19 16:55:01+00:00,"i work with so many self made immigrants from mexico el salvador guatemala etc
i know asians arabs jews africans all with successfull careers or businesses they arent crying about oppression theyre working hard every day taking advantage of lifes opportunities"
1,1.13E+18,2019-05-18 16:22:53+00:00,"more proof that this country would be better off without
california send them back to mexico"
0,1.14E+18,2019-06-24 23:34:47+00:00,"demonizing immigrants is not new
some demonized irish
italians
chinese
when they came here
america is better off when we welcome immigrants it is a process problem fix the process "
0,9.33E+17,2017-11-20 23:37:35+00:00,just my opinion but i think it is very possible orchestrated the attack on the 2 border patrol guards to renew calls for his stupid wall plus the 1 who died was mexican and has made his feelings toward immigrants very clear would not put it past him
0,1.59E+18,2022-11-03 23:48:17+00:00,"absolutely and he should lead the implementation of the law of ice and arrest the ceos executives and shareholders that profit from the labor of illegal immigrants
iowa has majority chinese and brazilian owned meat processing plants shut down the food industry"
1,6.18E+17,2015-07-06 17:01:14+00:00,i am sure my great grandfather heard the same about the damn irish immigrants
1,9.62E+17,2018-02-09 12:48:07+00:00,this piece of shit palestinian woman linda that lives in ny she is in a country that has been built by white christian everywhere her kind r majority those places r shithole just remind her send her back to where her parents came from she would appreciate what the white have done
0,9.93E+17,2018-05-07 00:11:49+00:00,33 they continuously bully minority enclaves they tried doing this in irvine but all the chineseamericans along with immigrants from south korea mexico india and some white people shut it down hard 
1,5.33E+17,2014-11-12 20:20:28+00:00,"john mccain and obama want more money for
mercenary invaders in syria ronpaulinstitut
"
1,7.75E+17,2016-09-11 02:13:21+00:00,mexico helping unvetted african migrants to us border many from alshabaab terror hotbed 
0,9.75E+17,2018-03-17 16:36:04+00:00,guinness is celebrating its 200th in the us but festivities have taken place here longer than that the nyc parade started with irish immigrants in 1762 and its one of my fav st pats traditions what are your traditions heather guinness correspondent 
0,4.77E+17,2014-06-12 15:04:22+00:00,remains optimistic that african americans and immigrants can advance together
1,1.21E+18,2019-12-27 20:29:46+00:00,exactly what german population or faction made those statements invaders from the middle east that merkel and co aka soros paid 2 have allowed n2 germany who r not german by birth generational or legacy somewhere else
0,1.10E+18,2019-02-24 23:13:00+00:00,locus of control is opening this thursday 4 nights only come see work about the lives of filipino immigrants in america an excellent mix of poetry storytelling 
0,1.08E+18,2019-01-03 06:59:33+00:00,hey what about the canadian wall whos paying for that unless youre only specifically choosing the southern border for specific immigrants enlighten us
0,9.83E+17,2018-04-07 16:38:51+00:00,germany is in crisis when young women are harassed and taped every day by invaders they are scared to go out always have to go in groups and look over their shoulder
0,1.51E+18,2022-04-01 12:52:19+00:00,ukrainian officials say they are not getting the weapons to the front line troops that the biden administration promised ukrainians need these supplies to kill the russian invaders wakeupamerica 
1,1.11E+18,2019-03-15 12:45:05+00:00,"unfortunately there is a lot to point at islam hates us
muslim ban
immigrants dirty invade infest
syrian refugees dangerous send them back
lock your doors somali immigrants dangerous
dancing on 911
etc right wing says and spreads this they should realize how bad it is"
0,1.09E+18,2019-02-09 22:10:37+00:00,european leaders wanting to show compassion allowed antisemites posing as into their countries jews will be fleeing to and these same euro heads want 2 shrink israels borders back to indefensible 1967 levels no
0,7.56E+17,2016-07-20 02:06:15+00:00,donald jr is puerto rican trump loves immigrants
0,7.69E+17,2016-08-27 07:35:12+00:00,haitian immigrants for trumphillary and bill stole billions from haiti 
0,1.11E+18,2019-03-16 18:35:06+00:00,1 australian senator blames immigrants for attacks on mosques 2 teenager smashes an egg on senators head while he gives an interview 3 senator punches a 17yearold kid 
0,1.45E+18,2021-10-26 17:21:42+00:00,please support our afghan allies by cosponsoring the special immigrants visas for afghan fulbright scholars act hr5482
0,8.48E+17,2017-03-31 04:55:46+00:00,monarch victorialuudinh demand china prc chinese invaders pay money to republic vietnam nation for property loss damaged 
0,8.47E+17,2017-03-30 00:57:59+00:00,cuba opened trial of bay of pigs invaders
1,9.21E+17,2017-10-20 03:31:08+00:00,true then we deport them back to mexico and 2 days later they are caught trying to enter us again only way to stop them is a tall wall
0,1.57E+18,2022-09-15 12:11:33+00:00,dear foxnews imagine how much better your reporting would be regarding illegal immigrants if you sent someone who actually spoke spanish to cover the story listening to someone who speaks spanish like a dyslexic kindergartner is painful and annoying thanks 
0,3.21E+17,2013-04-08 21:00:42+00:00,pretty sure im a certified restaurant mexican speaker like i can speak enough spanish to communicate with employed immigrants
0,1.07E+18,2018-12-02 02:58:26+00:00,that reminds me that epiphany is coming and many of the teenage male progeny of the greek immigrants who made their way to tarpon springs fl just a few miles from me will be diving onto what is regarded as frigid water in the gulf of mexico to fetch a cross that someone threw
0,1.03E+18,2018-08-20 16:20:13+00:00,and i also felt like i had suddenly become a representative of my people which meant i had to succeed lest everyone look down on all mexican immigrants its an irrational thought to have but a sentiment that i still experience to varying degrees even today
0,1.36E+18,2021-02-21 12:43:51+00:00,hendren now an independent said his departure from the gop was years in the making highlighted characterization of mexican immigrants as rapists ridiculing of a gold star family mockery of john mccain and encouragementof racism nationalism and violence 
1,1.17E+18,2019-08-24 07:39:04+00:00,nuke china send them back to the stone age
0,9.02E+17,2017-08-26 23:29:27+00:00,arpaiopardoned his parents were italian immigrants
0,9.98E+17,2018-05-20 17:20:35+00:00,my grandfather died an illegal immigrant from ciudad juarez mexico earned several degrees spoke 7 languages he retired in the states never fed off the system never was arrested it bothers me how much politicians feed off of immigration to pull votes from the far right 
0,1.01E+18,2018-06-21 00:01:24+00:00,america has being invaded since years and years ago what are you people talking about all those european people have invaded the indians since years and years before
0,6.94E+17,2016-02-01 23:49:22+00:00, syrian immigrants get sameday health coverage and free visa cards an apartment in jacksonville florida
0,1.07E+18,2018-11-21 08:51:50+00:00,"chinarulesbypropaganda hollywood produced a remake movie that depicted the us being invaded by china chinese found out used economic and other pressures and had chinese soldiers digitally replaced by think about it
"
1,1.58E+18,2022-10-02 00:43:48+00:00,these are immigrants escaping back into mexico after jan 6th 
0,1.13E+18,2019-05-31 02:53:44+00:00,look president trump that president lopez obrador has excellent presidential diplomatic skills that you lack learn from president lópez obrador to be diplomatic stop trying to blame méxico for your ineptness with immigrants needs they are asking for your help and you shut 
0,1.03E+18,2018-08-29 17:33:00+00:00,does miller have any statistics of how many immigrants have committed crimes like murder or drug trafficking it appears most immigrants are fleeing life threatening dictatorships like millers greatgreat grandfather a desperate refugee who fled armed cossacks in belarus to us
0,1.08E+18,2018-12-30 03:48:39+00:00, please provide exandles of radical islam threatening the us from the mexican border you are a cowardly sycophant with no integrity most illegal immigrants come here legally opiod crisis caused by big pharmaceutical anddocs 
0,1.46E+18,2021-11-03 15:45:39+00:00,fish and chips in the first image isnt british the dish was introduced by sephardic jews to accommodate for shabbat in a land where most of the food wasnt kosher to make matters worse the national dish of the uk is actually chicken tikka masala by bangladeshi immigrants
1,1.30E+18,2020-08-18 23:42:40+00:00,i dont think these immigrant blacks from the northeast fit in with blacks from the midwest and southits a way different upbringing being a migration north kid from parents who were both raised in segregation vs someone who comes from caribbean or african
0,1.01E+18,2018-06-20 15:44:55+00:00,stephen miller the architect of trumps zerotolerance policy towards immigrants is an american because his ancestors emigrated to the us to flee persecution in belarus is total lack selfawareness a treatable mental illness
0,1.21E+18,2020-01-06 21:54:26+00:00,rod is correctthey cant send him back to vietnam and that makes everything else cake welcome home brother
0,1.08E+18,2018-12-24 03:28:04+00:00,immigrants coming through mexico less than india and china china attacks us daily via cyber warfare how are their immigrants any less a threat how is the wall going to stop them
0,1.45E+18,2021-10-21 16:41:41+00:00,"this is not fair indian immigrants lives in america is being devastated by your political games stop now we want to trust you but your actions lie
dont punish indian immigrants by excluding 6000234
durbinisracist
judiciarydems"
0,1.18E+18,2019-09-29 19:49:18+00:00,american immigrants always respected our laws and tried to become part of the american tapestry first by learning english as they are countrymen who immigrated to america before them welcome
0,1.14E+18,2019-06-28 12:35:51+00:00,if we were facing a normal political foe it might be different trump and his voters only know make america great again by being hard on immigrants abortion keeping african americans in their place the list is endless lets see if the younger crowd moves the needle
0,9.56E+17,2018-01-23 19:04:16+00:00,trump is wrong norwegian immigrants are not better than haitians for the us economy 
0,1.02E+18,2018-08-02 03:28:58+00:00,my friend take these traumatized kids to summer cand in el salvador honduras nicaragua guatemala or mexico then watch them smile when they are brought to a ice facility for summer cand as illegal immigrants who will vote republican anyway next summer
1,1.57E+18,2022-09-12 21:24:10+00:00,i love him freedom from the english invaders my great grandfather and a third cousin had the same ride to get here
0,7.31E+17,2016-05-11 23:54:23+00:00,"would be unffair for all americas
continent
to not interacts with
the americas country
and canada should also stop
obsorving immigrants"
0,1.52E+18,2022-04-22 15:42:41+00:00,my dad def checked his yearbooks to be sure also tiny fun fact he went to south shore hs in the middle of a demographic shift from mostly white eastern european immigrants kids to mostly black so this is his senior yearbook cover in excruciatingly low res 
0,1.02E+18,2018-07-10 20:27:56+00:00,so trump calling mexican immigrants murderers and rapist doesnt open the flood gates for this type behavior some of whom arent even mexicans and some of whom are hard working citizens right
1,7.41E+17,2016-06-10 21:57:10+00:00," all mexican immigrants rapists
justice dept sued his company 2x for not renting to black people
never renounced david duke"
1,8.27E+17,2017-02-01 14:14:28+00:00,chancellor of germany has her own problems with refugees immigrants 
1,9.65E+17,2018-02-16 22:29:48+00:00,you have no right to your opinion you broke the law and encouraged illegal immigrants to over throw the government you have turned against american people worked with the fbi to plant russian lies against out president trump the winner
0,8.34E+17,2017-02-21 03:42:27+00:00,no mms texas hunters indicted after shooting each other then blaming mexican immigrants 
0,1.10E+18,2019-02-16 13:24:57+00:00,when we talk about illegal immigrants everyone thinks of mexico no one thinks of the canadian border which more immigrants come over from there than mexico drugs ppl etc this is a political movement a wall security votes its all really stupid to me
0,1.48E+18,2022-01-16 10:37:05+00:00,why do south american immigrants that crossed even more borders not have this afinity towards the usmnt
0,1.01E+18,2018-06-10 14:22:12+00:00,serious question has the usa ever revoked someones citizenship andor exiled them to another country could we do this to trump send him back to his boss in russia and never let him return
0,9.49E+17,2018-01-04 13:59:25+00:00,in sinclairs the jungle the protagonist is injured in a meat plant and fired sinclair likened the conditions for european immigrants to slavery only there was no difference in color btwn master and slave a century later the racial component is back 
0,1.24E+18,2020-03-13 01:30:35+00:00,and then theres the chinese workers in spain 
1,2.07E+17,2012-05-29 14:00:01+00:00,shipping containers pit west african immigrants against bronx neighbors 
1,7.97E+17,2016-11-10 04:31:48+00:00,france needs to get tough with sharia law invaders they allowed into their country we have a leader now
0,8.43E+17,2017-03-18 17:10:47+00:00,monarch victorialuudinh of republicvietnam demand china prc chinese invaders leave ainaquan north vietnam of republic vietnam nation
1,1.11E+18,2019-04-04 06:15:04+00:00,if mexico doesnt help out rightquick by keeping the illegals from getting to our southern border it is time to cut our to mexico too 
0,1.59E+18,2022-11-01 19:46:57+00:00,day of the dead combines ancient aztec customs of celebrating ancestors with all souls day a holiday that spanish invaders brought to mexico starting in the early 1500s
0,8.70E+17,2017-05-31 14:15:31+00:00,got my dna results 48 european jewish 19 ireland 33 european other makes sense dad came from austria mom was irish immigrants 
0,1.07E+18,2018-12-14 21:37:17+00:00,wouldnt that depend if the immigrants were more or less susceptible to the disease for exandle mexico has higher measles vaccine rates than us immigration from there isnt likely to increase vulnerability to measles
0,7.55E+17,2016-07-19 13:48:19+00:00,donald trump wants to ban immigrants who have a better grasp on the language than his own wife let that sink in for a sec
0,1.42E+18,2021-07-16 19:47:58+00:00,for some children of immigrants african american doesnt fit their unique black experiences in the us 
0,9.81E+17,2018-04-03 21:47:57+00:00,yeah spend more of our tax dollars from people that are from honduras where many other countries have taken in hundreds and thousands youre not a threat to us another shooting just took its not immigrants shooting its americans
1,1.05E+18,2018-10-23 17:00:03+00:00,tommy is the only hope for great britain good job keep england safe from foreign invaders 
1,1.06E+18,2018-10-31 14:45:26+00:00,which raises the question if the us would put the immigrants marching north on buses and drive them to the canadian border would they welcome them with open arms
0,1.27E+18,2020-06-15 16:57:38+00:00,right but then the response is why should i have to be punished for something other white people did i find this response happens especially with decendants of italian and irish immigrants who were also discriminated against when they came to america
1,9.97E+17,2018-05-17 23:15:59+00:00,this is a waste of time and money im surprised that they arent complaining about his comment that mexico isnt doing anything to stop illegals from getting to our border1 
0,1.03E+18,2018-08-07 21:06:55+00:00,making immigrants great again another baby nordstrom was founded in 1901 by swedish immigrant johan nordström he came to the us with 5 and worked years and years in the mining and lumber industry also in the klondike gold rush in 1897 before opening this business 
0,8.90E+17,2017-07-26 19:46:17+00:00,dislike ppl who scorn immigrants 4 only knowing their native tongue yells at cats constsntly to speak the language
0,8.24E+17,2017-01-25 16:22:17+00:00,the last time bush jr tried to build a mexican wall he used illegal immigrants on the construction crews
0,1.53E+18,2022-05-21 04:22:56+00:00,and give up all that beautiful tasty mexican chinese italian food my friend its he nuts legal immigrants normally bring benefits and knowledge to the country that adopt them
1,1.15E+18,2019-07-16 02:03:45+00:00,eric werent you cleaning the restrooms at city hall last week now you are mayor of the city of lost assholes just gps your ass to mexico take all the invaders wyou 
0,9.52E+17,2018-01-12 16:32:31+00:00,as of 2013 38 of subsaharan african immigrants had bachelors degrees or higher compared to 28 of all us immigrants and 30 of the us born population ill take your next defense please 
0,1.13E+18,2019-05-07 11:42:30+00:00,what it does is make you a normal dumbass amerikkkan cultural appropriator who are celebrating the defeat of dumbass french invaders wish the native population had done the same to you pale faces 
0,7.96E+17,2016-11-09 03:45:14+00:00,meanwhile canada is preparing for us immigrants 
0,1.58E+18,2022-09-30 18:27:31+00:00,im a 7th gen texan my family was part of a wave of german socialists that settled texas hill country during the springtime of nations in the 1840s this wave of german immigrants were the original base of the republican party and they nearly kept texas out of the confederacy
0,1.09E+18,2019-01-28 14:18:32+00:00,only small percent of illegal immigrants in usa entered illegally via mexico that cost doesnt reflect just mexicans
0,7.07E+17,2016-03-09 02:33:14+00:00,how is building a wall to block immigrants from mexico getting into the usa great
1,8.38E+17,2017-03-05 11:35:02+00:00,sweden has a hostile taken over happening by immigrants wake up and protect the people 
0,6.41E+17,2015-09-08 19:58:19+00:00,like how rest of europe are aware of the refugees and decided to welcome with open arms while our system is to kick out immigrantssmh
0,1.01E+18,2018-06-17 01:56:59+00:00,yes mr lieui am angry as hell every single day every single day i think about what an shitshow we have in the wh it never ends someone has got to do something americans are terrified we will end up like germany we are terrified for minorities for immigrants glbtq
0,1.08E+18,2019-01-11 05:18:44+00:00,not only that but the agent speaking to the president spontaneously offers up info dems werent expecting the numbers of noncentral and south american immigrants is higher than those from central and south america 
1,1.02E+18,2018-07-21 00:11:18+00:00,so if hrc let someone break into your home and gang rape your dad then let him suffocate in smoke u let immigrants from libya in 
0,8.04E+17,2016-11-29 16:49:33+00:00,dan is cuban and his parents are cuban immigrants
0,9.45E+17,2017-12-24 16:37:52+00:00,that might be true no way i could know i have met plenty of indian immigrants people who have adopted american names nick lou etc
0,1.28E+18,2020-07-07 15:29:58+00:00,fern cunninghams contribution celebrates the diverse history of mattapanatop the sculpture a young family illustrates mattpans current population consisting largely of africanamericans and caribbean immigrants photo blackhistory 
0,1.10E+18,2019-02-27 03:59:03+00:00,reparations to the original slaves not enough sir or lady lets do reparation for women who get less income and have less top jobs and yet lets get reparations to irish polish italians mexicans when we took over the mexico land in 1840s and all low wage immigrants
0,1.16E+18,2019-08-09 16:36:57+00:00,when you get taken over by spanish and european invaders you tend to pick up their violent behaviors
1,1.07E+18,2018-11-25 23:12:20+00:00,if they march on our country then its an invasion and should be treated as such we have the right to defend our borders by whatever means possible today immigrants violently attacked mexican police to charge the us border that is a violent invasion 
0,1.01E+18,2018-06-19 21:16:05+00:00,so sick of you who too are of immigrants treating others so horribly wanna bet it has mexican holocaust
0,1.59E+18,2022-10-26 02:15:26+00:00,run by hispanics paying taxes our democratic mayor is from cuban ancestry and the chief of police is also hispanic the region was the logistics center for the entire northeast during the pandemic powered by immigrants and so is manufacturing oz talked of fentanyl deaths
0,8.57E+17,2017-04-25 04:24:13+00:00,lol trump says buy american hire american yet he still hire immigrants buys his steel from china and daughter buys all her products from china
0,8.01E+17,2016-11-21 16:33:53+00:00,"son of undocumented mexican immigrants and alumni among 2017 rhodes scholars
see article "
0,8.61E+17,2017-05-06 17:29:38+00:00,so its not wh is vs immigrants just some japanese chinese russian ok
0,1.37E+18,2021-03-14 06:46:13+00:00,"the administration announced
more than 300000 illegal immigrants are being protected the biden administration is granting what is known as temporary protected status to illegal immigrants from venezuela according to a teleconference transcript released by the wh"
1,1.16E+18,2019-08-14 06:53:59+00:00,under new immigration rules he wants immigrants who can speak the language and share our values 
1,1.10E+18,2019-02-18 17:41:08+00:00,that is actually mexicos and americas fault because mexico is letting these illegal immigrants in and not helping america and america is not holding mexico accountable for what theyre doing to america
0,8.26E+17,2017-01-30 06:39:13+00:00,quebec canada l am so sorry this tragedy has happened to you you who where so kind and opened your arms to immigrants
0,1.01E+18,2018-06-20 20:03:59+00:00,when immigrants were migrating to the us it was under british control literally have no idea what you mean here it seems to ignore centuries of us history at best candstheir purposeidkask the president whatever their purpose im opposed to children in cages are you
0,1.01E+18,2018-06-28 16:47:39+00:00,my parents and brother were immigrants from europe 1958 i was just the first person in my family born in the usa
1,1.03E+18,2018-08-05 15:36:56+00:00,send her back to the congo
1,7.22E+17,2016-04-17 21:17:33+00:00,paris a cand of immigrants from afghanistan and north africa broke out into a serious riot this is what open borders will do
0,2.33E+17,2012-08-08 21:48:48+00:00,i think hes referring to that there are flags for most of minnesota immigrants finland sweden mexico germany etc
0,1.08E+18,2019-01-12 07:39:07+00:00,congratulations im very happy for nana this article speaks mainly about legal immigrants illegal immigrants do not qualify for public assistance side note the irish were treated like shit in nanas day think youd be more compassionate
1,1.11E+18,2019-04-02 17:39:46+00:00,another illegal immigrant from honduras murders a nj woman when will it stop wake up democrats 
1,7.96E+17,2016-11-09 04:31:18+00:00,well you arent gonna have illegal frenchman flooding the mexican border theyre illegals from
1,1.04E+18,2018-09-05 22:31:15+00:00,what you need to do is send her back to italy or france or wherever just get her off the show she doesnt need to be there she is just a homewrecker
1,1.51E+18,2022-04-09 19:32:50+00:00,throw cruz out of office hes worthless to america send him back to cuba 
1,1.01E+18,2018-06-23 12:56:17+00:00,we should abolish nafta put 3 army divisions on the border we are under attack america mexico has declared war against the united states we are being invaded
0,6.28E+17,2015-08-04 00:16:51+00:00,watermelon cucumber salad with balsamic reduction and thai basil thanks to for a 
0,8.53E+17,2017-04-14 19:53:55+00:00,monarch victorialuudinh since 1975 chinese invaders illegal collected natural resources and seas property of republic vietnam nation 
0,1.18E+18,2019-10-03 11:55:50+00:00,and when their dna comes back as a native american whos family fled across the border during the indian oppression wars 
0,8.24E+17,2017-01-26 00:35:12+00:00,things are so bad in central america that the immigrants risk the border patrol and drug cartels to get to the usa
1,1.51E+18,2022-04-10 00:59:20+00:00,bus them to canada trudeau is on record as saying canada loves immigrants
0,7.46E+17,2016-06-24 23:47:23+00:00,britain is ridiculous for leaving the eu how you gonna conquest spread your culture everywhere and then panic about immigrants
0,1.41E+18,2021-07-09 00:30:20+00:00,maybe the difference is if that have czech citizenship then they call themselves immigrants
1,1.02E+18,2018-07-31 11:46:02+00:00,what he said about immigrants from mexico is true he said some are good people but he also said that there are rapists gang members and murderers so let me understand this youre saying because theyre mexicans that automatically its racist calling some of them criminals
0,1.20E+18,2019-11-22 04:50:46+00:00,forgot to mention this story will air tomorrow morning on so tune to hear more about this trailbrazing utahn and son of japanese immigrants
0,1.24E+18,2020-03-20 23:05:37+00:00,man is calling us snowflakes and retreating drumpf rhetoric about the chinese flu and how mexicans are all illegal immigrants and were all sitting here with fists full of beer and pizza like 
0,1.08E+18,2019-01-10 03:15:30+00:00,if the immigrants coming across the southern border were white and english speaking this would not be an issue 
0,1.51E+18,2022-03-31 15:03:18+00:00,thank you for your great studies im not surprised that most of the founders of us unicorns who are immigrants were born in israel israelis love the usa 
1,6.44E+17,2015-09-15 12:35:58+00:00,also zero immigrants for qatar dubai uae oman kuwait etc this is pc insanity muslims belong back in the sand
0,6.49E+17,2015-09-29 13:35:18+00:00,equipandtrain willing syrian citizens in eureturn to fight invadersloyalty to const govtrussia candc mil
0,8.55E+17,2017-04-20 18:00:41+00:00,wendy was born here but her parents are mexican immigrants and now shes ready to stand up and make her voice heard 
1,1.14E+18,2019-06-18 23:16:55+00:00,when 50 percent of americans think your candaign coordinated with russia 50 percent want you impeached and 49 percent want biden vs 39 percent for you according to fox news polls 6162019 its hard to decide between provoking war with iran or deporting millions of immigrants
0,8.80E+17,2017-06-27 20:19:40+00:00,monarch victorialuudinh demand chinese invaders move all belonging out of halongbay of republicvietnam immediate 06272017
0,8.26E+17,2017-01-29 01:32:45+00:00,did you know that steve jobs is the son of syrian immigrants do you really share trumps values
0,1.10E+18,2019-02-11 22:37:11+00:00,they didnt want to come here and change americathey learned our language my daughters grandmother is from vietnam i need to explanation she learned english and became a citizenstop trying to stick up for law breakers zero tolerance for illigal immigrants
0,4.84E+17,2014-07-02 00:35:16+00:00,was america not a hub for many european the same people standing at the borders have great grandparents who came here tbc
0,1.14E+18,2019-06-13 20:21:32+00:00,i cant imagine being a daughter of immigrant parents and voting for trump i just cant my parents came from el salvador in the fucking 80s they crossed the guatemala mexico and us border they went thru the rio grande how could you be a child of immigrants and support trump how
0,1.40E+18,2021-06-03 13:47:23+00:00,america was built by immigrants if you are not native american are mexican you are descended of immigrants trumps surrounded by asylum immigrants his wife and his mother and inlaws 
0,8.92E+17,2017-07-30 20:57:00+00:00,toxictrump is a send him back to russia 
0,1.30E+18,2020-09-02 01:01:47+00:00,is there a problem with catholics i come from irish catholic immigrants settled here in 1848 steadfast democrats who believed in the church the democratic party and opportunity
0,8.36E+17,2017-02-26 16:31:13+00:00,macys dropped president trumps suits shirts and ties two summers ago after he called mexican immigrants killers 2
0,8.43E+17,2017-03-17 07:21:55+00:00,so youre ok with immigrants and kinship but only if theyre european and not hispanic or muslim right hypocritical asshole
0,8.96E+17,2017-08-11 15:07:32+00:00,talking mental health care for immigrants dr luis garcia of pacific clinics speaks on familyfocused intervention 
1,1.04E+18,2018-09-08 00:35:43+00:00, are good ppl takes babies away frm parents falsely claims dems want open borders and makes it seem like latinos seem like bigger criminals false falsely leaves off most illegal immigrants come from mexico when 40 of illegals come from ppl flying in and over staying their
0,1.08E+18,2019-01-04 20:29:16+00:00,as a matter of fact i teach immigrants legal or illegal how to speak the language these big criminals are former doctors and lawyers who fled their countries in order to survive
0,1.21E+18,2019-12-29 02:17:22+00:00,shaveice was a favorite cool treat of immigrants toiling in sugar and pineapple fields japanese laborers had brought the traditional as and likely dating back to japans heian period 7941185 adwith them to oahu 
0,8.26E+17,2017-01-30 15:53:49+00:00,of the illegal immigrants coming in how many are mexican arent more from central america trumps focus is wrong on many levels
0,1.49E+18,2022-02-04 21:14:20+00:00,he seldom discussed social issuesnow flores who is black and the son of honduran immigrants is an unlikely figure at the center of the nfls latest racial reckoning 
0,1.07E+18,2018-11-28 17:11:36+00:00,my other greatgrandparents came from poland because of wwi at the time those countries were dealing with poverty and violence polish and italian people werent seen as desirable immigrants and werent seen as white either things change but people still seek safety here
1,1.02E+18,2018-07-06 13:16:05+00:00,ignore current events and all the immigrants legally and illegally crossing the border to get into this terrible place it isnt happening venezuela cuba or n korea
1,9.31E+17,2017-11-16 02:07:11+00:00,im told there is a large number of russian immigrants some with kgb ties who are now i in our eastcost police force if true its a potential problem
0,9.53E+17,2018-01-15 16:37:08+00:00,like klobuchar and dayton sen tina smith criticized trump condemning his racist and hateful comments that showed complete disrespect to immigrants from haiti and africa
0,1.44E+18,2021-09-24 19:46:20+00:00,"can you imagine that
the government start
telling us what they do
to illegal immigrants
i have a legal friend
from turkey
he spent more than six months in an immigration
facility in new jersey
because his student visa
expired every immigrant
case is treated differently "
0,7.32E+17,2016-05-15 22:37:53+00:00,if he didnt say mexicans are rapists he clearly said that mexican immigrants are rapists no 
0,9.93E+17,2018-05-05 17:43:02+00:00,and by the way assuming you live in texas your economy would collapse were it not for immigrants doing all the work you wont do just see how well california is doing 5th largest economy in the world based on gdp after us china germany and france
0,4.44E+17,2014-03-12 07:00:48+00:00,even if the europeans agreed to help does ethiopia want rastafarian immigrants 
1,1.22E+18,2020-01-15 06:15:01+00:00,oh y trmplives the russian and like but they hate us or the other immigrants
0,1.10E+18,2019-02-17 07:44:59+00:00,found terror activity and radicalisation as major challenges posed by illegal immigrants many of them live in metropolitan cities across india doing menial jobs recent terror arrests and mob violence involving them point to a developing tinderbox situation 
0,9.52E+17,2018-01-12 02:59:26+00:00,if all caribbean and african immigrants and our children returned to our birth countries america would experience a very painful brain drain they should carefully think about what theyre praying for
0,1.50E+18,2022-03-09 14:37:53+00:00,i met a lot of ukrainian and russian immigrants working in various business around breckenridge co support for ukraine was displayed on flag poles lapel buttons signs in storefront windows and on the window of the cleanest tesla model 3 ive ever seen during snow season 
1,1.35E+18,2021-01-21 22:11:09+00:00,brand new chinese virus pandemic arizona 65 devastated by mutated virus from mexico guatemala and nicaragua limits on ice lets illegal immigrants spread out thru america 
0,9.82E+17,2018-04-06 01:05:21+00:00,id recommend a very good book which explains how many european immigrants were vilified and deported for being poor and needing charity it completely destroys this fox news argument 
0,1.07E+18,2018-11-26 01:44:14+00:00,this is stupidity by violating international law shooting gas to children and babies not allowing the asylum process these immigrants are seeking crazy trump americans now being held in mexico and can not get home big mess
0,7.40E+17,2016-06-07 01:12:53+00:00,now republicans are worried the day trump announced he was running he called mexican immigrants rapists
0,9.04E+17,2017-09-02 00:49:25+00:00,is shocked there are immigrants in jersey
0,9.52E+17,2018-01-12 03:06:07+00:00,dear marco i can confirm that haitian immigrants and africans were hurt today by racist comments why you were weak
1,6.93E+17,2016-01-29 03:08:05+00:00,secure the border but 40 of illegal immigrants arrive on airplanes what about the pacific the atlantic canada 
1,1.17E+18,2019-08-23 23:12:42+00:00,blame the fed blame the chinese blame the immigrants blame the kneeling blacks blame jewish democrats blame the nasty women just dont blame the chosen one donald trump
1,4.60E+17,2014-04-27 01:05:11+00:00,in phoenix az the middle east terrorist population was moving into the us as immigrants through mexico
1,9.52E+17,2018-01-13 17:26:43+00:00,43 of immigrants from shithole african countries have a bachelors degree or higher compared to 33 of the overall american population nigerian americans for instance have a median household income well above the american average 
0,1.39E+18,2021-04-30 16:05:39+00:00,i know the ri immigrant experience because i lived it my family and i came to america from the dominican republic when i was 20 after a brief time in new york city we moved to providence it was the best decision we made writes lgsabinamatos 
1,1.09E+18,2019-01-30 19:10:32+00:00,trump russia is the real threat disrupting our democracy and elections americans are lookin at russia as the invaders
0,1.03E+18,2018-08-21 17:29:24+00:00,i am disgusted to hear she is looking into the poor children from another country help the immigrants get their families back feed our hungry kids help with the opioid crisis help the children of puerto rico etc etc
0,1.32E+18,2020-11-04 02:19:39+00:00,once again there might indeed be a uniform swing but the reasons for any underperformance among latinos would be as a result of a lack of engagement with these communities not because miami cubans and mexican immigrants are the same 
0,1.05E+18,2018-10-22 13:16:12+00:00,the republicans and their saudi and russian allies are really rather weak and obviously quite emasculated or theyd come straight out and say they want to kill the gays and gas the immigrants and kill off anybody else at will no backbone enjoy
0,4.29E+17,2014-01-30 16:55:14+00:00,im about to get this class discussion poppin in english class last time we talked about racism immigrants and terrorism im ready
0,8.25E+17,2017-01-27 21:51:09+00:00,why did he ban people from france uk russia egypt and pakistan
1,9.89E+17,2018-04-24 23:41:37+00:00,enrique speak the language first and then be thankful you are here in america americans will welcome immigrants that enter legally not responsible for every human on earth especially immigrants entering illegally i spent 22 yrs of my life defending this country not 4 illegals
0,8.26E+17,2017-01-31 04:00:05+00:00,"
see japan australia denmark sweden and rising problems in uk
"
0,7.63E+17,2016-08-09 16:18:42+00:00,beautiful and peaceful vinegar hill so named in the 1700s to attract the irish immigrants 
0,1.09E+18,2019-02-06 17:55:38+00:00,back since when were we socialist perhaps rescind all the accomplishments of the great society and the advances of the new deal trump vision turn usa into a 01 tax haven replace central america immigrants with russian oligarch tax dodgers 
0,1.15E+18,2019-07-03 20:16:30+00:00,intriguing work by mah wife showing a significant overall in perceptions of discrimination in health care 64 among latinx immigrants and patients even post 2016 election however no change for african americans there is much work to do 
0,1.16E+18,2019-08-14 01:20:03+00:00,has now moved on to china is in real danger of being invaded
0,1.11E+18,2019-03-24 18:51:24+00:00,this also answers trumps question about why we dont get more immigrants from norway 
0,1.40E+18,2021-06-15 04:53:52+00:00,thank you for acknowledging it and taking the time to respond as an afro cuban daughter of immigrants we too want to be seen the movie is indeed a giant step but we are tired of the invisible platform
0,1.12E+18,2019-04-10 13:59:40+00:00,which is why immigration reform is needed not condemning a singular race of people mexicans when you can find statistically at that only 13 of immigrants are actually coming from mexico anyway the points are flying over your head probably
1,1.52E+18,2022-04-21 16:34:49+00:00,throw cruz out of office for his part in the insrection of our capital send him back to cuba and then on to russia with trump and family 
0,1.17E+18,2019-09-13 00:19:49+00:00,to immigrants briley makes his strongest statement about supporting them notes that 11 of 12 mnps valedictorians last year couldnt speak the language when they started school
0,1.01E+18,2018-06-22 01:19:08+00:00,i find corey very uncaring and unfeeling sad even if germany did treat them worse is that a justification for us to treat immigrants bad
0,7.84E+17,2016-10-05 14:59:56+00:00,ive only been once i spent a week there and met only a handful of english english otherwise immigrants outnumber heavily
0,8.49E+17,2017-04-05 02:07:16+00:00,we will be at 8 washington mews tomorrow from 57pm for the screening of in between a short film on bangladeshi immigrants in madrid
0,1.30E+18,2020-09-09 04:36:27+00:00,and what would you do with a government plan if you are not able to vote and even if you were allow to vote why would you choose trump if for exandle the tps for venezuelan immigrants was vetoed by republicans and mainly trump himself legal permanent residents dont vote
0,1.57E+18,2022-09-22 08:54:49+00:00,"immigrants vote
immigrantsarewelcomehere immigrants families vote
except for we are all clue to the clueless native americans fled to mexico to escape the genocide in the us "
0,7.76E+17,2016-09-15 02:08:36+00:00,mexico wants to build a border wall with central america via 
1,9.87E+17,2018-04-19 23:56:09+00:00,4 immigrants are not illegal aliens people like your mother are illegal aliens people like your nudie model wife who work here illegally need to be returned home mexico is our ally and friend russia and the ukraine are not we are a democratic country
1,6.69E+17,2015-11-23 05:16:34+00:00,"rt klsouth
100 of rapes in norway are committed by muslim immigrants "
0,6.96E+17,2016-02-06 13:09:36+00:00,never flown or seen a mexican flag flown in my family we are americans no problem with immigrants just be legal
1,1.01E+18,2018-06-20 09:44:26+00:00,im sure immigrants would be working in a norwegian restaurant too it would be best if she stay out of all dc restaurants
0,1.14E+18,2019-06-24 23:55:03+00:00,not unlike japanese americans being raided during wwii kicking down doors and rounded up trump plans to do the same thing to asylum seekers and immigrants this is what trumps racist white america has come to republicantrumpismfalls 
0,1.15E+18,2019-07-15 17:37:24+00:00,who also might i add are not immigrants mexican people are native american people 
1,1.06E+18,2018-11-05 00:02:43+00:00,dirty bastards can thank pres obama and his evil bitch hillary for leaving ukraine to fend for themselves against russian invaders who took the crimea while he and hillary were tweerking huma 
0,1.12E+18,2019-04-14 12:44:47+00:00,warms my heart immigrants made st louis since the french fur trappers and we are all the better for it send us more we have plenty of room 
1,9.98E+17,2018-05-20 23:59:45+00:00,jordan peterson immigrants are automatons culturally programmed to behave as robotic exemplars of the society that produced them rather than human beings capable of independent thought also peterson we must defend individual liberty from the invading collectivist hordes 
0,6.69E+17,2015-11-24 10:49:01+00:00,"nato shut down russian front line bomber over syria
nato invaders killed pilots
1submit2isis
2start vaporizing
natocapitals
russian choices"
0,8.27E+17,2017-02-01 19:58:56+00:00,i ended up in a heated discussion with a racist us cab driver about muslim immigrants in europe so now im waiting for a new cab
1,1.22E+18,2020-02-03 22:10:58+00:00,judicial watch illegal immigrants buy rent kids for easier us entry guatemalan with fake son jailed 
0,9.58E+17,2018-01-29 22:43:42+00:00,trump called african countries shitholes and said hed rather have immigrants from norway the whitest country in the world tell my thats not racism
0,1.08E+18,2018-12-29 22:29:02+00:00,no wall im a californian for sanctuary cities if you are not 100 native american indian you came from immigrantsif you dont want to live in our melting pot called america go back to your country of origin if theyll let you lets face it youre not welcome here